Chara,Path,Element,Skill,名称,Effect,线型,Class,1,2,3,4,5,6,7,8,9,10,11,12,,阿兰,Arlan,,存护,Preservation,,冰,Ice,,普攻,Basic Attack,,伤害倍率,Damage Multiplier,,攻击力,Attack
Common,Common,Common,Basic Attack,-,Damage Multiplier,普攻线型,Attack,50%,0.6,0.7,0.8,0.9,1,1.1,1.2,1.3,,,,,艾丝妲,Asta,,巡猎,Hunt,,火,Fire,,战技,Skill,,护盾百分比,Shield Percentage,,防御力,Defense
March 7th,Preservation,Ice,Talent,可爱即是正义,Shield Percentage,护盾治疗线型,Defense,38%,0.40375,0.4275,0.45125,0.475,0.494,0.513,0.532,0.551,0.57,0.589,0.608,,白露,Bailu,,毁灭,Destruction,,雷,Lightning,,终结技,Ultimate,,护盾固定值,Shield Fixed Value,,-,-
March 7th,Preservation,Ice,Talent,可爱即是正义,Shield Fixed Value,固定值线型,-,190,304,389.5,475,532,589,631.75,674.5,717.25,760,802.75,845.5,,刃,Blade,,虚无,Nihility,,风,Wind,,天赋,Talent,,直接伤害倍率,Direct Damage Multiplier,,最大生命值,Maximum Health
March 7th,Preservation,Ice,Talent,冰刻箭雨之时,Damage Multiplier,终结技标准线型,Attack,90%,0.96,1.02,1.08,1.14,1.2,1.275,1.35,1.425,1.5,1.56,1.62,,布洛妮娅,Bronya,,丰饶,Abundance,,虚数,Imaginary,,,,,附加伤害倍率,Additional Damage Multiplier,,对象基础攻击力,Target's Base Attack Power
March 7th,Preservation,Ice,Talent,少女的特权,Damage Multiplier,战技天赋标准线型,Attack,50%,0.55,0.6,0.65,0.7,0.75,0.8125,0.875,0.9375,1,1.05,1.1,,克拉拉,Clara,,同谐,Harmony,,物理,Physical,,,,,回复倍率,Recovery Multiplier,,暴击伤害,Critical Damage
Gepard,Preservation,Ice,Talent,震慑之击,Direct Damage Multiplier,战技天赋标准线型,Attack,100%,1.1,1.2,1.3,1.4,1.5,1.625,1.75,1.875,2,2.1,2.2,,丹恒,Dan Heng,,智识,The Erudition,,量子,Quantum,,,,,中心倍率,Center Multiplier,,基础攻击力,Base Attack Power
Gepard,Preservation,Ice,Talent,震慑之击,Additional Damage Multiplier,战技天赋标准线型,Attack,30%,0.33,0.36,0.39,0.42,0.45,0.4875,0.525,0.5625,0.6,0.63,0.66,,丹恒・饮月,Dan Heng・Imbibitor Lunae,,通用,Common,,通用,Common,,,,,扩散倍率,Diffusion Multiplier,,赐福对象攻击力,Blessed Target's Attack Power
Gepard,Preservation,Ice,Talent,永屹之壁,Shield Percentage,护盾治疗线型,Defense,30%,0.31875,0.3375,0.35625,0.375,0.39,0.405,0.42,0.435,0.45,0.465,0.48,,符玄,Fu Xuan,,,,,,,,,,,减伤,Damage Reduction,,基础速度,Base Speed
Gepard,Preservation,Ice,Talent,永屹之壁,Shield Fixed Value,固定值线型,-,150,240,307.5,375,420,465,498.75,532.5,566.25,600,633.75,667.5,,杰帕德,Gepard,,,,,,,,,,,攻击倍率,Attack Multiplier,,损失生命百分比,Percentage of Lost Health
Gepard,Preservation,Ice,Talent,不屈之身,Recovery Multiplier,战技天赋标准线型,Maximum Health,25%,0.275,0.3,0.325,0.35,0.375,0.40625,0.4375,0.46875,0.5,0.525,0.55,,黑塔,Herta,,,,,,,,,,,防御倍率,Defense Multiplier,,对象基础防御力,Target's Base Defense Power
Trailblazer・Preservation,Preservation,Fire,Basic Attack,穿彻坚冰的烈芒,Center Multiplier,特殊线型4,Attack,90%,0.99,1.08,1.17,1.26,1.35,1.4625,1.575,1.6875,,,,,姬子,Himeko,,,,,,,,,,,治疗百分比,Healing Percentage,,生命上限,Health Upper Limit
Trailblazer・Preservation,Preservation,Fire,Basic Attack,穿彻坚冰的烈芒,Diffusion Multiplier,特殊线型4,Attack,36%,0.396,0.432,0.468,0.504,0.54,0.585,0.63,0.675,,,,,虎克,Hook,,,,,,,,,,,治疗固定值,Healing Fixed Value,,本次战斗累积已损失生命,Accumulated Lost Health in this Battle
Trailblazer・Preservation,Preservation,Fire,Talent,炽燃不灭的琥珀,Damage Reduction,特殊线型5,-,40%,0.41,0.42,0.43,0.44,0.45,0.4625,0.475,0.4875,0.5,0.51,0.52,,景元,Jing Yuan,,,,,,,,,,,生息治疗百分比,Regeneration Healing Percentage,,对象能量上限,Target's Energy Upper Limit
Trailblazer・Preservation,Preservation,Fire,Talent,陷阵无回的炎枪,Attack Multiplier,战技天赋标准线型,Attack,50%,0.55,0.6,0.65,0.7,0.75,0.8125,0.875,0.9375,1,1.05,1.1,,镜流,Jingliu,,,,,,,,,,,生息治疗固定值,Regeneration Healing Fixed Value,,速度,Speed
Trailblazer・Preservation,Preservation,Fire,Talent,陷阵无回的炎枪,Defense Multiplier,战技天赋标准线型,Defense,75%,0.825,0.9,0.975,1.05,1.125,1.21875,1.3125,1.40625,1.5,1.575,1.65,,卡芙卡,Kafka,,,,,,,,,,,复活治疗百分比,Resurrection Healing Percentage,,,
Trailblazer・Preservation,Preservation,Fire,Talent,筑城者遗宝,Shield Percentage,护盾治疗线型,Defense,4%,0.0425,0.045,0.0475,0.05,0.052,0.054,0.056,0.058,0.06,0.062,0.064,,卢卡,Luka,,,,,,,,,,,复活治疗固定值,Resurrection Healing Fixed Value,,,
Trailblazer・Preservation,Preservation,Fire,Talent,筑城者遗宝,Shield Fixed Value,固定值线型,-,20,32,41,50,56,62,66.5,71,75.5,80,84.5,89,,罗刹,Luocha,,,,,,,,,,,直接治疗百分比,Direct Healing Percentage,,,
Bailu,Abundance,Lightning,Talent,云吟乍涌坠珠露,Healing Percentage,护盾治疗线型,Maximum Health,7.80%,0.082875,0.08775,0.092625,0.0975,0.1014,0.1053,0.1092,0.1131,0.117,0.1209,0.1248,,玲可,Lynx,,,,,,,,,,,直接治疗固定值,Direct Healing Fixed Value,,,
Bailu,Abundance,Lightning,Talent,云吟乍涌坠珠露,Healing Fixed Value,固定值线型,-,78%,124.8,159.9,195,218.4,241.8,259.35,276.9,294.45,312,329.55,347.1,,三月七,March 7th,,,,,,,,,,,持续治疗百分比,Sustained Healing Percentage,,,
Bailu,Abundance,Lightning,Talent,匏蛟跃渊先雷音,Healing Percentage,护盾治疗线型,Maximum Health,9%,0.095625,0.10125,0.106875,0.1125,0.117,0.1215,0.126,0.1305,0.135,0.1395,0.144,,娜塔莎,Natasha,,,,,,,,,,,持续治疗固定值,Sustained Healing Fixed Value,,,
Bailu,Abundance,Lightning,Talent,匏蛟跃渊先雷音,Healing Fixed Value,固定值线型,-,90%,144,184.5,225,252,279,299.25,319.5,339.75,360,380.25,400.5,,佩拉,Pela,,,,,,,,,,,低血治疗加成,Low Health Healing Bonus,,,
Bailu,Abundance,Lightning,Talent,奔走悬壶济世长,Regeneration Healing Percentage,护盾治疗线型,Maximum Health,3.60%,0.03825,0.0405,0.04275,0.045,0.0468,0.0486,0.0504,0.0522,0.054,0.0558,0.0576,,青雀,Qingque,,,,,,,,,,,伤害加成,Damage Bonus,,,
Bailu,Abundance,Lightning,Talent,奔走悬壶济世长,Regeneration Healing Fixed Value,固定值线型,-,36%,57.6,73.8,90,100.8,111.6,119.7,127.8,135.9,144,152.1,160.2,,桑博,Sampo,,,,,,,,,,,攻击力加成,Attack Power Bonus,,,
Bailu,Abundance,Lightning,Talent,奔走悬壶济世长,Resurrection Healing Percentage,护盾治疗线型,Maximum Health,12%,0.1275,0.135,0.1425,0.15,0.156,0.162,0.168,0.174,0.18,0.186,0.192,,希儿,Seele,,,,,,,,,,,固定暴击伤害加成,Fixed Critical Damage Bonus,,,
Bailu,Abundance,Lightning,Talent,奔走悬壶济世长,Resurrection Healing Fixed Value,固定值线型,-,120%,192,246,300,336,372,399,426,453,480,507,534,,希露瓦,Serval,,,,,,,,,,,额外暴击伤害加成,Additional Critical Damage Bonus,,,
Natasha,Abundance,Physical,Talent,爱，救护与抉择,Direct Healing Percentage,护盾治疗线型,Maximum Health,7%,0.074375,0.07875,0.083125,0.0875,0.091,0.0945,0.098,0.1015,0.105,0.1085,0.112,,银狼,Silver Wolf,,,,,,,,,,,普攻后行动提前,Action Advancement after Basic Attack,,,
Natasha,Abundance,Physical,Talent,爱，救护与抉择,Direct Healing Fixed Value,固定值线型,-,70%,112,143.5,175,196,217,232.75,248.5,264.25,280,295.75,311.5,,素裳,Sushang,,,,,,,,,,,单段伤害倍率,Single Segment Damage Multiplier,,,
Natasha,Abundance,Physical,Talent,爱，救护与抉择,Sustained Healing Percentage,护盾治疗线型,Maximum Health,4.80%,0.051,0.054,0.057,0.06,0.0624,0.0648,0.0672,0.0696,0.072,0.0744,0.0768,,停云,Tingyun,,,,,,,,,,,速度加成,Speed Bonus,,,
Natasha,Abundance,Physical,Talent,爱，救护与抉择,Sustained Healing Fixed Value,固定值线型,-,48,76.8,98.4,120,134.4,148.8,159.6,170.4,181.2,192,202.8,213.6,,开拓者,Trailblazer,,,,,,,,,,,单层攻击力加成,Single Layer Attack Power Bonus,,,
Natasha,Abundance,Physical,Talent,新生之礼,Healing Percentage,护盾治疗线型,Maximum Health,9.20%,0.09775,0.1035,0.10925,0.115,0.1196,0.1242,0.1288,0.1334,0.138,0.1426,0.1472,,瓦尔特,Welt,,,,,,,,,,,攻击力加成上限,Attack Power Bonus Cap,,,
Natasha,Abundance,Physical,Talent,新生之礼,Healing Fixed Value,固定值线型,-,92,147.2,188.6,230,257.6,285.2,305.9,326.6,347.3,368,388.7,409.4,,彦卿,Yanqing,,,,,,,,,,,增伤,Damage Increase,,,
Natasha,Abundance,Physical,Talent,生机焕发,Low Health Healing Bonus,战技天赋标准线型,-,25%,0.275,0.3,0.325,0.35,0.375,0.40625,0.4375,0.46875,0.5,0.525,0.55,,驭空,Yukong,,,,,,,,,,,暴击伤害加成,Critical Damage Bonus,,,
Bronya,Harmony,Wind,Talent,作战再部署,Damage Bonus,战技天赋标准线型,-,33%,0.363,0.396,0.429,0.462,0.495,0.53625,0.5775,0.61875,0.66,0.693,0.726,,藿藿,Huohuo,,,,,,,,,,,暴击率加成,Critical Rate Bonus,,,
Bronya,Harmony,Wind,Talent,贝洛伯格进行曲,Attack Power Bonus,终结技标准线型,Target's Base Attack Power,33%,0.352,0.374,0.396,0.418,0.44,0.4675,0.495,0.5225,0.55,0.572,0.594,,开拓者・存护,Trailblazer・Preservation,,,,,,,,,,,追加攻击倍率,Additional Attack Multiplier,,,
Bronya,Harmony,Wind,Talent,贝洛伯格进行曲,Fixed Critical Damage Bonus,终结技标准线型,-,12%,0.128,0.136,0.144,0.152,0.16,0.17,0.18,0.19,0.2,0.208,0.216,,开拓者・毁灭,Trailblazer・Destruction,,,,,,,,,,,倍率提高,Multiplier Increase,,,
Bronya,Harmony,Wind,Talent,贝洛伯格进行曲,Additional Critical Damage Bonus,特殊线型7,Critical Damage,12%,0.124,0.128,0.132,0.136,0.14,0.145,0.15,0.155,0.16,0.164,0.168,,托帕&账账,Topaz & Numby,,,,,,,,,,,风抗性穿透,Wind Resistance Penetration,,,
Bronya,Harmony,Wind,Talent,先人一步,Action Advancement after Basic Attack,战技天赋标准线型,-,15%,0.165,0.18,0.195,0.21,0.225,0.24375,0.2625,0.28125,0.3,0.315,0.33,,银枝,Argenti,,,,,,,,,,,剑势倍率,Sword Stance Multiplier,,,
Asta,Harmony,Fire,Talent,流星群落,Single Segment Damage Multiplier,战技天赋标准线型,Attack,25%,0.275,0.3,0.325,0.35,0.375,0.40625,0.4375,0.46875,0.5,0.525,0.55,,桂乃芬,Guinaifen,,,,,,,,,,,额外倍率,Additional Multiplier,,,
Asta,Harmony,Fire,Talent,星空祝言,Speed Bonus,特殊线型8,-,36,37.4,38.8,40.2,41.6,43,44.75,46.5,48.25,50,51.4,52.8,,寒鸦,Hanya,,,,,,,,,,,强化对单,Strengthening against Single,,,
Asta,Harmony,Fire,Talent,天象学,Single Layer Attack Power Bonus,战技天赋标准线型,Target's Base Attack Power,7%,0.077,0.084,0.091,0.098,0.105,0.11375,0.1225,0.13125,0.14,0.147,0.154,,通用,Common,,,,,,,,,,,强化扩散对中心,Strengthening Diffusion against Center,,,
Tingyun,Harmony,Lightning,Talent,祥音和韵,Attack Power Bonus,战技天赋标准线型,Target's Base Attack Power,25%,0.275,0.3,0.325,0.35,0.375,0.40625,0.4375,0.46875,0.5,0.525,0.55,,,,,,,,,,,,,,强化扩散对周围,Strengthening Diffusion against Surroundings,,,
Tingyun,Harmony,Lightning,Talent,祥音和韵,Attack Power Bonus Cap,终结技标准线型,Base Attack Power,15%,0.16,0.17,0.18,0.19,0.2,0.2125,0.225,0.2375,0.25,0.26,0.27,,,,,,,,,,,,,,灼烧倍率,Burn Multiplier,,,
Tingyun,Harmony,Lightning,Talent,祥音和韵,Additional Damage Multiplier,战技天赋标准线型,Blessed Target's Attack Power,20%,0.22,0.24,0.26,0.28,0.3,0.325,0.35,0.375,0.4,0.42,0.44,,,,,,,,,,,,,,强化战技中心倍率,Strengthening Center Multiplier for Skills,,,
Tingyun,Harmony,Lightning,Talent,庆云光覆仪祷,Damage Increase,特殊线型9,-,20%,0.23,0.26,0.29,0.32,0.35,0.3875,0.425,0.4625,0.5,0.53,0.56,,,,,,,,,,,,,,强化战技扩散倍率,Strengthening Diffusion Multiplier for Skills,,,
Tingyun,Harmony,Lightning,Talent,紫电扶摇,Additional Damage Multiplier,战技天赋标准线型,Blessed Target's Attack Power,30%,0.33,0.36,0.39,0.42,0.45,0.4875,0.525,0.5625,0.6,0.63,0.66,,,,,,,,,,,,,,减速基础概率,Basic Slow Probability,,,
Seele,Hunt,Quantum,Talent,归刃,Damage Multiplier,战技天赋标准线型,Attack,110%,1.21,1.32,1.43,1.54,1.65,1.7875,1.925,2.0625,2.2,2.31,2.42,,,,,,,,,,,,,,行动延后,Action Delay,,,
Seele,Hunt,Quantum,Talent,乱蝶,Damage Multiplier,终结技标准线型,Attack,255%,2.72,2.89,3.06,3.23,3.4,3.6125,3.825,4.0375,4.25,4.42,4.59,,,,,,,,,,,,,,防御力降低,Defense Reduction,,,
Seele,Hunt,Quantum,Talent,再现,Damage Increase,战技天赋标准线型,-,40%,0.44,0.48,0.52,0.56,0.6,0.65,0.7,0.75,0.8,0.84,0.88,,,,,,,,,,,,,,基础回能,Basic Energy Recovery,,,
Yanqing,Hunt,Ice,Talent,遥击三尺水,Damage Multiplier,战技天赋标准线型,Attack,110%,1.21,1.32,1.43,1.54,1.65,1.7875,1.925,2.0625,2.2,2.31,2.42,,,,,,,,,,,,,,持续伤害易伤,Vulnerability to Sustained Damage,,,
Yanqing,Hunt,Ice,Talent,快雨燕相随,Critical Damage Bonus,终结技标准线型,-,30%,0.32,0.34,0.36,0.38,0.4,0.425,0.45,0.475,0.5,0.52,0.54,,,,,,,,,,,,,,风化倍率,Erosion Multiplier,,,
Yanqing,Hunt,Ice,Talent,快雨燕相随,Damage Multiplier,终结技标准线型,Attack,210%,2.24,2.38,2.52,2.66,2.8,2.975,3.15,3.325,3.5,3.64,3.78,,,,,,,,,,,,,,中心伤害倍率,Center Damage Multiplier,,,
Yanqing,Hunt,Ice,Talent,呼剑如影,Critical Rate Bonus,特殊线型7,-,15%,0.155,0.16,0.165,0.17,0.175,0.18125,0.1875,0.19375,0.2,0.205,0.21,,,,,,,,,,,,,,扩散伤害倍率,Diffusion Damage Multiplier,,,
Yanqing,Hunt,Ice,Talent,呼剑如影,Critical Damage Bonus,战技天赋标准线型,-,15%,0.165,0.18,0.195,0.21,0.225,0.24375,0.2625,0.28125,0.3,0.315,0.33,,,,,,,,,,,,,,追加攻击中心倍率,Additional Attack Center Multiplier,,,
Yanqing,Hunt,Ice,Talent,呼剑如影,Additional Attack Multiplier,战技天赋标准线型,Attack,25%,0.275,0.3,0.325,0.35,0.375,0.40625,0.4375,0.46875,0.5,0.525,0.55,,,,,,,,,,,,,,触电倍率,Electric Shock Multiplier,,,
Yanqing,Hunt,Ice,Talent,呼剑如影,Additional Damage Multiplier,战技天赋标准线型,Attack,25%,0.275,0.3,0.325,0.35,0.375,0.40625,0.4375,0.46875,0.5,0.525,0.55,,,,,,,,,,,,,,强化普攻中心倍率,Strengthening Basic Attack Center Multiplier,,,
Dan Heng,Hunt,Wind,Talent,云骑枪术・疾雨,Damage Multiplier,战技天赋标准线型,Attack,130%,1.43,1.56,1.69,1.82,1.95,2.1125,2.275,2.4375,2.6,2.73,2.86,,,,,,,,,,,,,,强化普攻扩散倍率,Strengthening Basic Attack Diffusion Multiplier,,,
Dan Heng,Hunt,Wind,Talent,洞天幻化，长梦一觉,Damage Multiplier,终结技标准线型,Attack,240%,2.56,2.72,2.88,3.04,3.2,3.4,3.6,3.8,4,4.16,4.32,,,,,,,,,,,,,,添加弱点基础概率,Added Weakness Basic Probability,,,
Dan Heng,Hunt,Wind,Talent,洞天幻化，长梦一觉,Multiplier Increase,终结技标准线型,Attack,72%,0.768,0.816,0.864,0.912,0.96,1.02,1.08,1.14,1.2,1.248,1.296,,,,,,,,,,,,,,全属性抗性降低,Overall Elemental Resistance Reduction,,,
Dan Heng,Hunt,Wind,Talent,寸长寸强,Wind Resistance Penetration,战技天赋标准线型,-,18%,0.198,0.216,0.234,0.252,0.27,0.2925,0.315,0.3375,0.36,0.378,0.396,,,,,,,,,,,,,,减防基础概率,Basic Defense Reduction Probability,,,
Sushang,Hunt,Physical,Talent,云骑剑经・山倾,Damage Multiplier,战技天赋标准线型,Attack,105%,1.155,1.26,1.365,1.47,1.575,1.70625,1.8375,1.96875,2.1,2.205,2.31,,,,,,,,,,,,,,减防,Defense Reduction,,,
Sushang,Hunt,Physical,Talent,云骑剑经・山倾,Sword Stance Multiplier,战技天赋标准线型,Attack,50%,0.55,0.6,0.65,0.7,0.75,0.8125,0.875,0.9375,1,1.05,1.1,,,,,,,,,,,,,,减攻,Attack Reduction,,,
Sushang,Hunt,Physical,Talent,太虚形蕴・烛夜,Damage Multiplier,终结技标准线型,Attack,192%,2.048,2.176,2.304,2.432,2.56,2.72,2.88,3.04,3.2,3.328,3.456,,,,,,,,,,,,,,减速,Slowdown,,,
Sushang,Hunt,Physical,Talent,太虚形蕴・烛夜,Attack Power Bonus,终结技标准线型,Base Attack Power,18%,0.192,0.204,0.216,0.228,0.24,0.255,0.27,0.285,0.3,0.312,0.324,,,,,,,,,,,,,,缺陷植入基础概率,Basic Implantation of Defects Probability,,,
Sushang,Hunt,Physical,Talent,游刃若水,Speed Bonus,特殊线型7,Base Speed,15%,0.155,0.16,0.165,0.17,0.175,0.18125,0.1875,0.19375,0.2,0.205,0.21,,,,,,,,,,,,,,中心攻击倍率,Center Attack Multiplier,,,
Clara,Destruction,Physical,Talent,史瓦罗在看着你,Damage Multiplier,战技天赋标准线型,Attack,60%,0.66,0.72,0.78,0.84,0.9,0.975,1.05,1.125,1.2,1.26,1.32,,,,,,,,,,,,,,中心生命倍率,Center Life Multiplier,,,
Clara,Destruction,Physical,Talent,史瓦罗在看着你,Additional Multiplier,战技天赋标准线型,Attack,60%,0.66,0.72,0.78,0.84,0.9,0.975,1.05,1.125,1.2,1.26,1.32,,,,,,,,,,,,,,扩散攻击倍率,Diffusion Attack Multiplier,,,
Clara,Destruction,Physical,Talent,是约定不是命令,Damage Reduction,终结技标准线型,-,15%,0.16,0.17,0.18,0.19,0.2,0.2125,0.225,0.2375,0.25,0.26,0.27,,,,,,,,,,,,,,扩散生命倍率,Diffusion Life Multiplier,,,
Clara,Destruction,Physical,Talent,是约定不是命令,Multiplier Increase,终结技标准线型,Attack,96%,1.024,1.088,1.152,1.216,1.28,1.36,1.44,1.52,1.6,1.664,1.728,,,,,,,,,,,,,,中心受伤转化,Center Injury Conversion,,,
Clara,Destruction,Physical,Talent,因为我们是家人,Additional Attack Multiplier,战技天赋标准线型,Attack,80%,0.88,0.96,1.04,1.12,1.2,1.3,1.4,1.5,1.6,1.68,1.76,,,,,,,,,,,,,,扩散受伤转化,Diffusion Injury Conversion,,,
Trailblazer・Destruction,Destruction,Physical,Talent,安息全垒打,Damage Multiplier,战技天赋标准线型,Attack,62.50%,0.6875,0.75,0.8125,0.875,0.9375,1.015625,1.09375,1.171875,1.25,1.3125,1.375,,,,,,,,,,,,,,生命倍率,Life Multiplier,,,
Trailblazer・Destruction,Destruction,Physical,Talent,星尘王牌,Strengthening against Single,特殊线型1,Attack,300%,3.15,3.3,3.45,3.6,3.75,3.9375,4.125,4.3125,4.5,4.65,4.8,,,,,,,,,,,,,,结算持续伤害倍率,Settling Sustained Damage Multiplier,,,
Trailblazer・Destruction,Destruction,Physical,Talent,星尘王牌,Strengthening Diffusion against Center,特殊线型1,Attack,180%,1.89,1.98,2.07,2.16,2.25,2.3625,2.475,2.5875,2.7,2.79,2.88,,,,,,,,,,,,,,结算触电倍率,Settling Electric Shock Multiplier,,,
Trailblazer・Destruction,Destruction,Physical,Talent,星尘王牌,Strengthening Diffusion against Surroundings,特殊线型1,Attack,108%,1.134,1.188,1.242,1.296,1.35,1.4175,1.485,1.5525,1.62,1.674,1.728,,,,,,,,,,,,,,直冲拳倍率,Direct Punch Multiplier,,,
Trailblazer・Destruction,Destruction,Physical,Talent,牵制盗垒,Attack Power Bonus,战技天赋标准线型,Base Attack Power,10%,0.11,0.12,0.13,0.14,0.15,0.1625,0.175,0.1875,0.2,0.21,0.22,,,,,,,,,,,,,,碎天拳倍率,Broken Sky Fist Multiplier,,,
Arlan,Destruction,Lightning,Talent,禁锢解除,Damage Multiplier,战技天赋标准线型,Attack,120%,1.32,1.44,1.56,1.68,1.8,1.95,2.1,2.25,2.4,2.52,2.64,,,,,,,,,,,,,,裂伤基础伤害上限,Basic Damage Upper Limit for Rupture,,,
Arlan,Destruction,Lightning,Talent,狂者制裁,Center Multiplier,终结技标准线型,Attack,192%,2.048,2.176,2.304,2.432,2.56,2.72,2.88,3.04,3.2,3.328,3.456,,,,,,,,,,,,,,易伤,Vulnerability,,,
Arlan,Destruction,Lightning,Talent,狂者制裁,Diffusion Multiplier,终结技标准线型,Attack,96%,1.024,1.088,1.152,1.216,1.28,1.36,1.44,1.52,1.6,1.664,1.728,,,,,,,,,,,,,,结算裂伤倍率,Settling Rupture Multiplier,,,
Arlan,Destruction,Lightning,Talent,至痛至怒,Damage Bonus,战技天赋标准线型,Percentage of Lost Health,36%,0.396,0.432,0.468,0.504,0.54,0.585,0.63,0.675,0.72,0.756,0.792,,,,,,,,,,,,,,叱咤每层暴击伤害加成,Each Layer Critical Damage Bonus for Roaring,,,
Hook,Destruction,Fire,Talent,嘿！记得虎克吗,Damage Multiplier,战技天赋标准线型,Attack,120%,1.32,1.44,1.56,1.68,1.8,1.95,2.1,2.25,2.4,2.52,2.64,,,,,,,,,,,,,,每层伤害加成,Each Layer Damage Bonus,,,
Hook,Destruction,Fire,Talent,嘿！记得虎克吗,Burn Multiplier,战技天赋标准线型,Attack,25%,0.275,0.3,0.325,0.35,0.375,0.40625,0.4375,0.46875,0.5,0.525,0.55,,,,,,,,,,,,,,鉴知生命上限加成,Knowledge Maximum Life Bonus,,,
Hook,Destruction,Fire,Basic Attack,嘿！记得虎克吗,Strengthening Center Multiplier for Skills,战技天赋标准线型,Attack,140%,1.54,1.68,1.82,1.96,2.1,2.275,2.45,2.625,2.8,2.94,3.08,,,,,,,,,,,,,,鉴知暴击率加成,Knowledge Critical Rate Bonus,,,
Hook,Destruction,Fire,Basic Attack,嘿！记得虎克吗,Strengthening Diffusion Multiplier for Skills,战技天赋标准线型,Attack,40%,0.44,0.48,0.52,0.56,0.6,0.65,0.7,0.75,0.8,0.84,0.88,,,,,,,,,,,,,,生命回复量,Life Recovery Amount,,,
Hook,Destruction,Fire,Talent,轰！飞来焰火,Damage Multiplier,终结技标准线型,Attack,240%,2.56,2.72,2.88,3.04,3.2,3.4,3.6,3.8,4,4.16,4.32,,,,,,,,,,,,,,生命上限加成倍率,Life Upper Limit Bonus Multiplier,,,
Hook,Destruction,Fire,Talent,哈！火上浇油,Additional Damage Multiplier,战技天赋标准线型,Attack,50%,0.55,0.6,0.65,0.7,0.75,0.8125,0.875,0.9375,1,1.05,1.1,,,,,,,,,,,,,,生命上限加成固定值,Life Upper Limit Bonus Fixed Value,,,
Welt,Nihility,Imaginary,Talent,虚空断界,Single Segment Damage Multiplier,战技天赋标准线型,Attack,36%,0.396,0.432,0.468,0.504,0.54,0.585,0.63,0.675,0.72,0.756,0.792,,,,,,,,,,,,,, 持续治疗百分比,Sustained Healing Percentage,,,
Welt,Nihility,Imaginary,Talent,虚空断界,Basic Slow Probability,特殊线型6,-,65%,66%,67%,68%,69%,70%,71.25%,72.50%,73.75%,75%,76%,77%,,,,,,,,,,,,,,额外持续治疗百分比,Additional Sustained Healing Percentage,,,
Welt,Nihility,Imaginary,Talent,拟似黑洞,Damage Multiplier,终结技标准线型,Attack,90%,0.96,1.02,1.08,1.14,1.2,1.275,1.35,1.425,1.5,1.56,1.62,,,,,,,,,,,,,,额外持续治疗固定值,Additional Sustained Healing Fixed Value,,,
Welt,Nihility,Imaginary,Talent,拟似黑洞,Action Delay,特殊线型5,-,32%,0.328,0.336,0.344,0.352,0.36,0.37,0.38,0.39,0.4,0.408,0.416,,,,,,,,,,,,,,追加攻击易伤,Additional Attack Vulnerability,,,
Welt,Nihility,Imaginary,Talent,时空扭曲,Additional Damage Multiplier,战技天赋标准线型,Attack,30%,0.33,0.36,0.39,0.42,0.45,0.4875,0.525,0.5625,0.6,0.63,0.66,,,,,,,,,,,,,,账账伤害倍率,Account Damage Multiplier,,,
Pela,Nihility,Ice,Talent,低温妨害,Damage Multiplier,战技天赋标准线型,Attack,105%,1.155,1.26,1.365,1.47,1.575,1.70625,1.8375,1.96875,2.1,2.205,2.31,,,,,,,,,,,,,,伤害倍率提高,Damage Multiplier Increase,,,
Pela,Nihility,Ice,Talent,领域压制,Damage Multiplier,终结技标准线型,Attack,60%,0.64,0.68,0.72,0.76,0.8,0.85,0.9,0.95,1,1.04,1.08,,,,,,,,,,,,,,结算灼烧倍率,Settling Burn Multiplier,,,
Pela,Nihility,Ice,Talent,领域压制,Defense Reduction,特殊线型7,Target's Base Defense Power,30%,0.31,0.32,0.33,0.34,0.35,0.3625,0.375,0.3875,0.4,0.41,0.42,,,,,,,,,,,,,,群攻伤害倍率,Group Attack Damage Multiplier,,,
Pela,Nihility,Ice,Talent,数据采集,Basic Energy Recovery,战技天赋标准线型,-,5,5.5,6,6.5,7,7.5,8.125,8.75,9.375,10,10.5,11,,,,,,,,,,,,,,单攻伤害倍率,Single Attack Damage Multiplier,,,
Sampo,Nihility,Wind,Talent,反复横跳的爱,Single Segment Damage Multiplier,战技天赋标准线型,Attack,28%,0.308,0.336,0.364,0.392,0.42,0.455,0.49,0.525,0.56,0.588,0.616,,,,,,,,,,,,,,单层暴击率加成,Single Layer Critical Rate Bonus,,,
Sampo,Nihility,Wind,Talent,惊喜礼盒,Damage Multiplier,终结技标准线型,Attack,96%,1.024,1.088,1.152,1.216,1.28,1.36,1.44,1.52,1.6,1.664,1.728,,,,,,,,,,,,,,中心治疗百分比,Center Healing Percentage,,,
Sampo,Nihility,Wind,Talent,惊喜礼盒,Vulnerability to Sustained Damage,特殊线型1,-,20%,0.21,0.22,0.23,0.24,0.25,0.2625,0.275,0.2875,0.3,0.31,0.32,,,,,,,,,,,,,,中心治疗固定值,Center Healing Fixed Value,,,
Sampo,Nihility,Wind,Talent,撕风的匕首,Erosion Multiplier,战技天赋标准线型,Attack,20%,0.22,0.24,0.26,0.28,0.3,0.325,0.35,0.375,0.4,0.42,0.44,,,,,,,,,,,,,,扩散治疗百分比,Diffusion Healing Percentage,,,
Himeko,The Erudition,Fire,Talent,熔核爆裂,Center Damage Multiplier,战技天赋标准线型,Attack,100%,1.1,1.2,1.3,1.4,1.5,1.625,1.75,1.875,2,2.1,2.2,,,,,,,,,,,,,,扩散治疗固定值,Diffusion Healing Fixed Value,,,
Himeko,The Erudition,Fire,Talent,熔核爆裂,Diffusion Damage Multiplier,战技天赋标准线型,Attack,40%,0.44,0.48,0.52,0.56,0.6,0.65,0.7,0.75,0.8,0.84,0.88,,,,,,,,,,,,,,回能百分比,Energy Recovery Percentage,,,
Himeko,The Erudition,Fire,Talent,天坠之火,Damage Multiplier,终结技标准线型,Attack,138%,1.472,1.564,1.656,1.748,1.84,1.955,2.07,2.185,2.3,2.392,2.484,,,,,,,,,,,,,,特定情况增伤,Specific Situation Damage Increase,,,
Himeko,The Erudition,Fire,Talent,乘胜追击,Additional Attack Multiplier,战技天赋标准线型,Attack,70%,0.77,0.84,0.91,0.98,1.05,1.1375,1.225,1.3125,1.4,1.47,1.54,,,,,,,,,,,,,,,,,,
Jing Yuan,The Erudition,Lightning,Talent,紫霄震曜,Damage Multiplier,战技天赋标准线型,Attack,50%,0.55,0.6,0.65,0.7,0.75,0.8125,0.875,0.9375,1,1.05,1.1,,,,,,,,,,,,,,,,,,
Jing Yuan,The Erudition,Lightning,Talent,吾身光明,Damage Multiplier,终结技标准线型,Attack,120%,1.28,1.36,1.44,1.52,1.6,1.7,1.8,1.9,2,2.08,2.16,,,,,,,,,,,,,,,,,,
Jing Yuan,The Erudition,Lightning,Talent,斩勘神形,Additional Attack Center Multiplier,战技天赋标准线型,Attack,33%,0.363,0.396,0.429,0.462,0.495,0.53625,0.5775,0.61875,0.66,0.693,0.726,,,,,,,,,,,,,,,,,,
Herta,The Erudition,Ice,Talent,一锤子买卖,Damage Multiplier,战技天赋标准线型,Attack,50%,0.55,0.6,0.65,0.7,0.75,0.8125,0.875,0.9375,1,1.05,1.1,,,,,,,,,,,,,,,,,,
Herta,The Erudition,Ice,Talent,是魔法，我加了魔法,Damage Multiplier,终结技标准线型,Attack,120%,1.28,1.36,1.44,1.52,1.6,1.7,1.8,1.9,2,2.08,2.16,,,,,,,,,,,,,,,,,,
Herta,The Erudition,Ice,Talent,还是我来吧,Additional Attack Multiplier,特殊线型2,Attack,25%,0.265,0.28,0.295,0.31,0.325,0.34375,0.3625,0.38125,0.4,0.415,0.43,,,,,,,,,,,,,,,,,,
Serval,The Erudition,Lightning,Talent,电光火石间,Center Multiplier,战技天赋标准线型,Attack,70%,0.77,0.84,0.91,0.98,1.05,1.1375,1.225,1.3125,1.4,1.47,1.54,,,,,,,,,,,,,,,,,,
Serval,The Erudition,Lightning,Talent,电光火石间,Diffusion Multiplier,战技天赋标准线型,Attack,30%,0.33,0.36,0.39,0.42,0.45,0.4875,0.525,0.5625,0.6,0.63,0.66,,,,,,,,,,,,,,,,,,
Serval,The Erudition,Lightning,Talent,电光火石间,Electric Shock Multiplier,特殊线型3,Attack,40%,0.44,0.48,0.52,0.56,0.62,0.7,0.8,0.92,1.04,1.092,1.144,,,,,,,,,,,,,,,,,,
Serval,The Erudition,Lightning,Talent,机械热潮登场！,Damage Multiplier,终结技标准线型,Attack,108%,1.152,1.224,1.296,1.368,1.44,1.53,1.62,1.71,1.8,1.872,1.944,,,,,,,,,,,,,,,,,,
Serval,The Erudition,Lightning,Talent,燃情和弦,Additional Damage Multiplier,战技天赋标准线型,Attack,36%,0.396,0.432,0.468,0.504,0.54,0.585,0.63,0.675,0.72,0.756,0.792,,,,,,,,,,,,,,,,,,
Qingque,The Erudition,Quantum,Basic Attack,门前清,Strengthening Basic Attack Center Multiplier,强化普攻线型,Attack,120%,1.44,1.68,1.92,2.16,2.4,2.64,2.88,3.12,,,,,,,,,,,,,,,,,,,,,
Qingque,The Erudition,Quantum,Basic Attack,门前清,Strengthening Basic Attack Diffusion Multiplier,强化普攻线型,Attack,50%,0.6,0.7,0.8,0.9,1,1.1,1.2,1.3,,,,,,,,,,,,,,,,,,,,,
Qingque,The Erudition,Quantum,Talent,海底捞月,Damage Bonus,战技天赋标准线型,-,14%,0.154,0.168,0.182,0.196,0.21,0.2275,0.245,0.2625,0.28,0.294,0.308,,,,,,,,,,,,,,,,,,
Qingque,The Erudition,Quantum,Talent,四幺暗刻？和！,Damage Multiplier,终结技标准线型,Attack,120%,1.28,1.36,1.44,1.52,1.6,1.7,1.8,1.9,2,2.08,2.16,,,,,,,,,,,,,,,,,,
Qingque,The Erudition,Quantum,Talent,帝垣琼玉,Attack Power Bonus,战技天赋标准线型,Base Attack Power,36%,0.396,0.432,0.468,0.504,0.54,0.585,0.63,0.675,0.72,0.756,0.792,,,,,,,,,,,,,,,,,,
Luocha,Abundance,Imaginary,Talent,白花的祈望,Healing Percentage,护盾治疗线型,Attack,40%,0.425,0.45,0.475,0.5,0.52,0.54,0.56,0.58,0.6,0.62,0.64,,,,,,,,,,,,,,,,,,
Luocha,Abundance,Imaginary,Talent,白花的祈望,Healing Fixed Value,固定值线型,-,200,320,410,500,560,620,665,710,755,800,845,890,,,,,,,,,,,,,,,,,,
Luocha,Abundance,Imaginary,Talent,归葬的遂愿,Damage Multiplier,终结技标准线型,Attack,120%,1.28,1.36,1.44,1.52,1.6,1.7,1.8,1.9,2,2.08,2.16,,,,,,,,,,,,,,,,,,
Luocha,Abundance,Imaginary,Talent,生息的轮转,Healing Percentage,护盾治疗线型,Attack,12%,0.1275,0.135,0.1425,0.15,0.156,0.162,0.168,0.174,0.18,0.186,0.192,,,,,,,,,,,,,,,,,,
Luocha,Abundance,Imaginary,Talent,生息的轮转,Healing Fixed Value,固定值线型,-,60,96,123,150,168,186,199.5,213,226.5,240,253.5,267,,,,,,,,,,,,,,,,,,
Silver Wolf,Nihility,Quantum,Talent,是否允许更改？,Added Weakness Basic Probability,特殊线型6,-,75%,76%,77%,78%,79%,80%,81.25%,82.50%,83.75%,85%,86%,87%,,,,,,,,,,,,,,,,,,
Silver Wolf,Nihility,Quantum,Talent,是否允许更改？,Damage Multiplier,战技天赋标准线型,Attack,98%,1.078,1.176,1.274,1.372,1.47,1.5925,1.715,1.8375,1.96,2.058,2.156,,,,,,,,,,,,,,,,,,
Silver Wolf,Nihility,Quantum,Talent,是否允许更改？,Overall Elemental Resistance Reduction,特殊线型7,-,7.50%,0.0775,0.08,0.0825,0.085,0.0875,0.090625,0.09375,0.096875,0.1,0.1025,0.105,,,,,,,,,,,,,,,,,,
Silver Wolf,Nihility,Quantum,Talent,|账号已封禁|,Basic Defense Reduction Probability,特殊线型10,-,85%,86.50%,88%,89.50%,91%,92.50%,94.38%,96.25%,98.13%,100%,101.50%,103%,,,,,,,,,,,,,,,,,,
Silver Wolf,Nihility,Quantum,Talent,|账号已封禁|,Defense Reduction,特殊线型11,-,36%,0.369,0.378,0.0387,0.396,0.405,0.41625,0.4275,0.43875,0.45,0.459,0.468,,,,,,,,,,,,,,,,,,
Silver Wolf,Nihility,Quantum,Talent,|账号已封禁|,Damage Multiplier,终结技标准线型,Attack,228%,2.432,2.584,2.736,2.888,3.04,3.23,3.42,3.61,3.8,3.952,4.104,,,,,,,,,,,,,,,,,,
Silver Wolf,Nihility,Quantum,Talent,等待程序响应…,Attack Reduction,战技天赋标准线型,-,5%,0.055,0.06,0.065,0.07,0.075,0.08125,0.0875,0.09375,0.1,0.105,0.11,,,,,,,,,,,,,,,,,,
Silver Wolf,Nihility,Quantum,Talent,等待程序响应…,Defense Reduction,战技天赋标准线型,-,4%,0.044,0.048,0.052,0.056,0.06,0.065,0.07,0.075,0.08,0.084,0.088,,,,,,,,,,,,,,,,,,
Silver Wolf,Nihility,Quantum,Talent,等待程序响应…,Slowdown,战技天赋标准线型,-,3%,0.033,0.036,0.039,0.042,0.045,0.04875,0.0525,0.05625,0.06,0.063,0.066,,,,,,,,,,,,,,,,,,
Silver Wolf,Nihility,Quantum,Talent,等待程序响应…,Basic Implantation of Defects Probability,特殊线型12,-,60%,0.612,0.624,0.636,0.648,0.66,0.675,0.69,0.705,0.72,0.732,0.744,,,,,,,,,,,,,,,,,,
Yukong,Harmony,Imaginary,Talent,天阙鸣弦,Attack Power Bonus,战技天赋标准线型,Target's Base Attack Power,40%,0.44,0.48,0.52,0.56,0.6,0.65,0.7,0.75,0.8,0.84,0.88,,,,,,,,,,,,,,,,,,
Yukong,Harmony,Imaginary,Talent,贯云饮语,Critical Rate Bonus,特殊线型7,-,21%,0.217,0.224,0.231,0.238,0.245,0.25375,0.2625,0.27125,0.28,0.287,0.294,,,,,,,,,,,,,,,,,,
Yukong,Harmony,Imaginary,Talent,贯云饮语,Critical Damage Bonus,终结技标准线型,-,39%,0.416,0.442,0.468,0.494,0.52,0.5525,0.585,0.6175,0.65,0.676,0.702,,,,,,,,,,,,,,,,,,
Yukong,Harmony,Imaginary,Talent,贯云饮语,Damage Multiplier,终结技标准线型,Attack,228%,2.432,2.584,2.736,2.888,3.04,3.23,3.42,3.61,3.8,3.952,4.104,,,,,,,,,,,,,,,,,,
Yukong,Harmony,Imaginary,Talent,箭彻七札,Additional Damage Multiplier,战技天赋标准线型,Attack,40%,0.44,0.48,0.52,0.56,0.6,0.65,0.7,0.75,0.8,0.84,0.88,,,,,,,,,,,,,,,,,,
Blade,Destruction,Wind,Talent,地狱变,Damage Bonus,特殊线型13,-,12%,0.148,0.176,0.204,0.232,0.26,0.295,0.33,0.365,0.4,0.428,0.456,,,,,,,,,,,,,,,,,,
Blade,Destruction,Wind,Basic Attack,无间剑树,Center Attack Multiplier,强化普攻线型,Attack,20%,0.24,0.28,0.32,0.36,0.4,0.44,0.48,0.52,,,,,,,,,,,,,,,,,,,,,
Blade,Destruction,Wind,Basic Attack,无间剑树,Center Life Multiplier,强化普攻线型,Health Upper Limit,50%,0.6,0.7,0.8,0.9,1,1.1,1.2,1.3,,,,,,,,,,,,,,,,,,,,,
Blade,Destruction,Wind,Basic Attack,无间剑树,Diffusion Attack Multiplier,强化普攻线型,Attack,8%,0.096,0.112,0.128,0.144,0.16,0.176,0.192,0.208,,,,,,,,,,,,,,,,,,,,,
Blade,Destruction,Wind,Basic Attack,无间剑树,Diffusion Life Multiplier,强化普攻线型,Health Upper Limit,20%,0.24,0.28,0.32,0.36,0.4,0.44,0.48,0.52,,,,,,,,,,,,,,,,,,,,,
Blade,Destruction,Wind,Talent,大辟万死,Center Attack Multiplier,终结技标准线型,Attack,24%,0.256,0.272,0.288,0.304,0.32,0.34,0.36,0.38,0.4,0.416,0.432,,,,,,,,,,,,,,,,,,
Blade,Destruction,Wind,Talent,大辟万死,Center Life Multiplier,终结技标准线型,Health Upper Limit,60%,0.64,0.68,0.72,0.76,0.8,0.85,0.9,0.95,1,1.04,1.08,,,,,,,,,,,,,,,,,,
Blade,Destruction,Wind,Talent,大辟万死,Center Injury Conversion,终结技标准线型,Accumulated Lost Health in this Battle,60%,0.64,0.68,0.72,0.76,0.8,0.85,0.9,0.95,1,1.04,1.08,,,,,,,,,,,,,,,,,,
Blade,Destruction,Wind,Talent,大辟万死,Diffusion Attack Multiplier,终结技标准线型,Attack,9.60%,0.1024,0.1088,0.1152,0.1216,0.128,0.136,0.144,0.152,0.16,0.1664,0.1728,,,,,,,,,,,,,,,,,,
Blade,Destruction,Wind,Talent,大辟万死,Diffusion Life Multiplier,终结技标准线型,Health Upper Limit,24%,0.256,0.272,0.288,0.304,0.32,0.34,0.36,0.38,0.4,0.416,0.432,,,,,,,,,,,,,,,,,,
Blade,Destruction,Wind,Talent,大辟万死,Diffusion Injury Conversion,终结技标准线型,Accumulated Lost Health in this Battle,24%,0.256,0.272,0.288,0.304,0.32,0.34,0.36,0.38,0.4,0.416,0.432,,,,,,,,,,,,,,,,,,
Blade,Destruction,Wind,Talent,倏忽恩赐,Attack Multiplier,战技天赋标准线型,Attack,22%,0.242,0.264,0.286,0.308,0.33,0.3575,0.385,0.4125,0.44,0.462,0.484,,,,,,,,,,,,,,,,,,
Blade,Destruction,Wind,Talent,倏忽恩赐,Life Multiplier,战技天赋标准线型,Health Upper Limit,55%,0.605,0.66,0.715,0.77,0.825,0.89375,0.9625,1.03125,1.1,1.155,1.21,,,,,,,,,,,,,,,,,,
Kafka,Nihility,Lightning,Talent,月光摩挲连绵,Center Damage Multiplier,战技天赋标准线型,Attack,80%,0.88,0.96,1.04,1.12,1.2,1.3,1.4,1.5,1.6,1.68,1.76,,,,,,,,,,,,,,,,,,
Kafka,Nihility,Lightning,Talent,月光摩挲连绵,Diffusion Damage Multiplier,战技天赋标准线型,Attack,30%,0.33,0.36,0.39,0.42,0.45,0.4875,0.525,0.5625,0.6,0.63,0.66,,,,,,,,,,,,,,,,,,
Kafka,Nihility,Lightning,Talent,月光摩挲连绵,Settling Sustained Damage Multiplier,特殊线型5,-,60%,0.615,0.63,0.645,0.66,0.675,0.69375,0.7125,0.73125,0.75,0.765,0.78,,,,,,,,,,,,,,,,,,
Kafka,Nihility,Lightning,Talent,悲剧尽头的颤音,Damage Multiplier,终结技标准线型,Attack,48%,0.512,0.544,0.576,0.608,0.64,0.68,0.72,0.76,0.8,0.832,0.864,,,,,,,,,,,,,,,,,,
Kafka,Nihility,Lightning,Talent,悲剧尽头的颤音,Settling Electric Shock Multiplier,特殊线型5,-,80%,0.82,0.84,0.86,0.88,0.9,0.925,0.95,0.975,1,1.02,1.04,,,,,,,,,,,,,,,,,,
Kafka,Nihility,Lightning,Talent,悲剧尽头的颤音,Electric Shock Multiplier,特殊线型14,Attack,116%,1.26875,1.3775,1.48625,1.595,1.758125,1.975625,2.2475,2.57375,2.9,3.041375,3.18275,,,,,,,,,,,,,,,,,,
Kafka,Nihility,Lightning,Talent,温柔亦同残酷,Additional Attack Multiplier,特殊线型13,Attack,42%,0.518,0.616,0.714,0.812,0.91,1.0325,1.155,1.2775,1.4,1.498,1.596,,,,,,,,,,,,,,,,,,
Luka,Nihility,Physical,Basic Attack,直冲碎天拳,Direct Punch Multiplier,强化普攻线型,Attack,10%,0.12,0.14,0.16,0.18,0.2,0.22,0.24,0.26,,,,,,,,,,,,,,,,,,,,,
Luka,Nihility,Physical,Basic Attack,直冲碎天拳,Broken Sky Fist Multiplier,强化普攻线型,Attack,40%,0.48,0.56,0.64,0.72,0.8,0.88,0.96,1.04,,,,,,,,,,,,,,,,,,,,,
Luka,Nihility,Physical,Talent,裂伤拳,Damage Multiplier,战技天赋标准线型,Attack,60%,0.66,0.72,0.78,0.84,0.9,0.975,1.05,1.125,1.2,1.26,1.32,,,,,,,,,,,,,,,,,,
Luka,Nihility,Physical,Talent,裂伤拳,Basic Damage Upper Limit for Rupture,特殊线型3,Attack,130%,1.43,1.56,1.69,1.82,2.015,2.275,2.6,2.99,3.38,3.549,3.718,,,,,,,,,,,,,,,,,,
Luka,Nihility,Physical,Talent,制胜一击,Vulnerability,终结技标准线型,-,12%,0.128,0.136,0.144,0.152,0.16,0.17,0.18,0.19,0.2,0.208,0.216,,,,,,,,,,,,,,,,,,
Luka,Nihility,Physical,Talent,制胜一击,Damage Multiplier,终结技标准线型,Attack,198%,2.112,2.244,2.376,2.508,2.64,2.805,2.97,3.135,3.3,3.432,3.564,,,,,,,,,,,,,,,,,,
Luka,Nihility,Physical,Talent,火花四溅,Settling Rupture Multiplier,特殊线型5,-,68%,0.697,0.714,0.731,0.748,0.765,0.78625,0.8075,0.82875,0.85,0.867,0.884,,,,,,,,,,,,,,,,,,
Dan Heng・Imbibitor Lunae,Destruction,Imaginary,Talent,龙力自在,Each Layer Critical Damage Bonus for Roaring,战技天赋标准线型,-,6%,0.066,0.072,0.078,0.084,0.09,0.0975,0.105,0.1125,0.12,0.126,0.132,,,,,,,,,,,,,,,,,,
Dan Heng・Imbibitor Lunae,Destruction,Imaginary,Basic Attack,瞬华,Damage Multiplier,强化普攻线型,Attack,130%,1.56,1.82,2.08,2.34,2.6,2.86,3.12,3.38,,,,,,,,,,,,,,,,,,,,,
Dan Heng・Imbibitor Lunae,Destruction,Imaginary,Basic Attack,天矢阴,Center Damage Multiplier,强化普攻线型,Attack,190%,2.28,2.66,3.04,3.42,3.8,4.18,4.56,4.94,,,,,,,,,,,,,,,,,,,,,
Dan Heng・Imbibitor Lunae,Destruction,Imaginary,Basic Attack,天矢阴,Diffusion Damage Multiplier,强化普攻线型,Attack,30%,0.36,0.42,0.48,0.54,0.6,0.66,0.72,0.78,,,,,,,,,,,,,,,,,,,,,
Dan Heng・Imbibitor Lunae,Destruction,Imaginary,Basic Attack,盘耀跃,Center Damage Multiplier,强化普攻线型,Attack,250%,3,3.5,4,4.5,5,5.5,6,6.5,,,,,,,,,,,,,,,,,,,,,
Dan Heng・Imbibitor Lunae,Destruction,Imaginary,Basic Attack,盘耀跃,Diffusion Damage Multiplier,强化普攻线型,Attack,90%,1.08,1.26,1.44,1.62,1.8,1.98,2.16,2.34,,,,,,,,,,,,,,,,,,,,,
Dan Heng・Imbibitor Lunae,Destruction,Imaginary,Talent,苍龙傲睨，劫水濯世,Center Damage Multiplier,终结技标准线型,Attack,180%,1.92,2.04,2.16,2.28,2.4,2.55,2.7,2.85,3,3.12,3.24,,,,,,,,,,,,,,,,,,
Dan Heng・Imbibitor Lunae,Destruction,Imaginary,Talent,苍龙傲睨，劫水濯世,Diffusion Damage Multiplier,终结技标准线型,Attack,84%,0.896,0.952,1.008,1.064,1.12,1.19,1.26,1.33,1.4,1.456,1.512,,,,,,,,,,,,,,,,,,
Dan Heng・Imbibitor Lunae,Destruction,Imaginary,Talent,亢心,Each Layer Damage Bonus,战技天赋标准线型,-,5%,0.055,0.06,0.065,0.07,0.075,0.08125,0.0875,0.09375,0.1,0.105,0.11,,,,,,,,,,,,,,,,,,
Fu Xuan,Preservation,Quantum,Basic Attack,始击岁星,Damage Multiplier,普攻线型,Maximum Health,25%,0.3,0.35,0.4,0.45,0.5,0.55,0.6,0.65,,,,,,,,,,,,,,,,,,,,,
Fu Xuan,Preservation,Quantum,Talent,太微行棋，灵台示影,Knowledge Maximum Life Bonus,战技天赋标准线型,Maximum Health,3%,0.033,0.036,0.039,0.042,0.045,0.04875,0.0525,0.05625,0.06,0.063,0.066,,,,,,,,,,,,,,,,,,
Fu Xuan,Preservation,Quantum,Talent,太微行棋，灵台示影,Knowledge Critical Rate Bonus,战技天赋标准线型,-,6%,0.066,0.072,0.078,0.084,0.09,0.0975,0.105,0.1125,0.12,0.126,0.132,,,,,,,,,,,,,,,,,,
Fu Xuan,Preservation,Quantum,Talent,天律大衍，历劫归一,Damage Multiplier,终结技标准线型,Maximum Health,60%,0.64,0.68,0.72,0.76,0.8,0.85,0.9,0.95,1,1.04,1.08,,,,,,,,,,,,,,,,,,
Fu Xuan,Preservation,Quantum,Talent,乾清坤夷，否极泰来,Damage Reduction,特殊线型16,-,10%,0.108,0.116,0.124,0.132,0.14,0.15,0.16,0.17,0.18,0.188,0.196,,,,,,,,,,,,,,,,,,
Fu Xuan,Preservation,Quantum,Talent,乾清坤夷，否极泰来,Life Recovery Amount,特殊线型15,-,80%,0.81,0.82,0.83,0.84,0.85,0.8625,0.875,0.8875,0.9,0.91,0.92,,,,,,,,,,,,,,,,,,
Lynx,Abundance,Quantum,Basic Attack,冰攀前齿技术,Damage Multiplier,普攻线型,Maximum Health,25%,0.3,0.35,0.4,0.45,0.5,0.55,0.6,0.65,,,,,,,,,,,,,,,,,,,,,
Lynx,Abundance,Quantum,Talent,盐渍野营罐头,Life Upper Limit Bonus Multiplier,特殊线型1,Maximum Health,5%,0.0525,0.055,0.0575,0.06,0.0625,0.065625,0.06875,0.071875,0.075,0.0775,0.08,,,,,,,,,,,,,,,,,,
Lynx,Abundance,Quantum,Talent,盐渍野营罐头,Life Upper Limit Bonus Fixed Value,固定值线型,-,50,80,102.5,125,140,155,166.25,177.5,188.75,200,211.25,222.5,,,,,,,,,,,,,,,,,,
Lynx,Abundance,Quantum,Talent,盐渍野营罐头,Healing Percentage,护盾治疗线型,Maximum Health,8%,0.085,0.09,0.095,0.1,0.104,0.108,0.112,0.116,0.12,0.124,0.128,,,,,,,,,,,,,,,,,,
Lynx,Abundance,Quantum,Talent,盐渍野营罐头,Healing Fixed Value,固定值线型,-,80,128,164,200,224,248,266,284,302,320,338,356,,,,,,,,,,,,,,,,,,
Lynx,Abundance,Quantum,Talent,雪原急救方案,Healing Percentage,护盾治疗线型,Maximum Health,9%,0.095625,0.10125,0.106875,0.1125,0.117,0.1215,0.126,0.1305,0.135,0.1395,0.144,,,,,,,,,,,,,,,,,,
Lynx,Abundance,Quantum,Talent,雪原急救方案,Healing Fixed Value,固定值线型,-,90,144,184.5,225,252,279,299.25,319.5,339.75,360,380.25,400.5,,,,,,,,,,,,,,,,,,
Lynx,Abundance,Quantum,Talent,户外生存经验,Sustained Healing Percentage,护盾治疗线型,Maximum Health,2.40%,0.0255,0.027,0.0285,0.03,0.0312,0.0324,0.0336,0.0348,0.036,0.0372,0.0384,,,,,,,,,,,,,,,,,,
Lynx,Abundance,Quantum,Talent,户外生存经验,Sustained Healing Fixed Value,固定值线型,-,24,38.4,49.2,60,67.2,74.4,79.8,85.2,90.6,96,101.4,106.8,,,,,,,,,,,,,,,,,,
Lynx,Abundance,Quantum,Talent,户外生存经验,Additional Sustained Healing Percentage,护盾治疗线型,Maximum Health,3%,0.031875,0.03375,0.035625,0.0375,0.039,0.0405,0.042,0.0435,0.045,0.0465,0.048,,,,,,,,,,,,,,,,,,
Lynx,Abundance,Quantum,Talent,户外生存经验,Additional Sustained Healing Fixed Value,固定值线型,-,30,48,61.5,75,84,93,99.75,106.5,113.25,120,126.75,133.5,,,,,,,,,,,,,,,,,,
Topaz & Numby,Hunt,Fire,Talent,支付困难？,Additional Attack Vulnerability,战技天赋标准线型,-,25%,0.275,0.3,0.325,0.35,0.375,0.40625,0.4375,0.46875,0.5,0.525,0.55,,,,,,,,,,,,,,,,,,
Topaz & Numby,Hunt,Fire,Talent,支付困难？,Account Damage Multiplier,战技天赋标准线型,Attack,75%,0.825,0.9,0.975,1.05,1.125,1.21875,1.3125,1.40625,1.5,1.575,1.65,,,,,,,,,,,,,,,,,,
Topaz & Numby,Hunt,Fire,Talent,扭亏为盈！,Damage Multiplier Increase,战技天赋标准线型,Attack,75%,0.825,0.9,0.975,1.05,1.125,1.21875,1.3125,1.40625,1.5,1.575,1.65,,,,,,,,,,,,,,,,,,
Topaz & Numby,Hunt,Fire,Talent,扭亏为盈！,Critical Damage Bonus,战技天赋标准线型,-,12.50%,0.1375,0.15,0.1625,0.175,0.1875,0.203125,0.21875,0.234375,0.25,0.2625,0.275,,,,,,,,,,,,,,,,,,
Topaz & Numby,Hunt,Fire,Talent,猪市？！,Account Damage Multiplier,战技天赋标准线型,Attack,75%,0.825,0.9,0.975,1.05,1.125,1.21875,1.3125,1.40625,1.5,1.575,1.65,,,,,,,,,,,,,,,,,,
Jingliu,Destruction,Ice,Talent,无罅飞光,Damage Multiplier,战技天赋标准线型,Attack,100%,1.1,1.2,1.3,1.4,1.5,1.625,1.75,1.875,2,2.1,2.2,,,,,,,,,,,,,,,,,,
Jingliu,Destruction,Ice,Basic Attack,寒川映月,Center Damage Multiplier,战技天赋标准线型,Attack,125%,1.375,1.5,1.625,1.75,1.875,2.03125,2.1875,2.34375,2.5,2.625,2.75,,,,,,,,,,,,,,,,,,
Jingliu,Destruction,Ice,Basic Attack,寒川映月,Diffusion Damage Multiplier,战技天赋标准线型,Attack,62.50%,0.6875,0.75,0.8125,0.875,0.9375,1.015625,1.09375,1.171875,1.25,1.3125,1.375,,,,,,,,,,,,,,,,,,
Jingliu,Destruction,Ice,Talent,昙华生灭，天河泻梦,Center Damage Multiplier,终结技标准线型,Attack,180%,1.92,2.04,2.16,2.28,2.4,2.55,2.7,2.85,3,3.12,3.24,,,,,,,,,,,,,,,,,,
Jingliu,Destruction,Ice,Talent,昙华生灭，天河泻梦,Diffusion Damage Multiplier,终结技标准线型,Attack,90%,0.96,1.02,1.08,1.14,1.2,1.275,1.35,1.425,1.5,1.56,1.62,,,,,,,,,,,,,,,,,,
Jingliu,Destruction,Ice,Talent,澹月转魄,Attack Power Bonus Cap,战技天赋标准线型,Base Attack Power,90%,0.99,1.08,1.17,1.26,1.35,1.4625,1.575,1.6875,1.8,1.89,1.98,,,,,,,,,,,,,,,,,,
Jingliu,Destruction,Ice,Talent,澹月转魄,Critical Rate Bonus,特殊线型5,-,40%,0.41,0.42,0.43,0.44,0.45,0.4625,0.475,0.4875,0.5,0.51,0.52,,,,,,,,,,,,,,,,,,
Guinaifen,Nihility,Fire,Talent,迎面开门红,Center Damage Multiplier,战技天赋标准线型,Attack,60%,0.66,0.72,0.78,0.84,0.9,0.975,1.05,1.125,1.2,1.26,1.32,,,,,,,,,,,,,,,,,,
Guinaifen,Nihility,Fire,Talent,迎面开门红,Diffusion Damage Multiplier,战技天赋标准线型,Attack,20%,0.22,0.24,0.26,0.28,0.3,0.325,0.35,0.375,0.4,0.42,0.44,,,,,,,,,,,,,,,,,,
Guinaifen,Nihility,Fire,Talent,迎面开门红,Burn Multiplier,特殊线型17,Attack,83.90%,92.30%,100.69%,109.09%,117.48%,130.07%,146.86%,167.84%,193.03%,218.21%,229.12%,240.03%,,,,,,,,,,,,,,,,,,
Guinaifen,Nihility,Fire,Talent,给您来段看家戏,Damage Multiplier,终结技标准线型,Attack,72%,0.768,0.816,0.864,0.912,0.96,1.02,1.08,1.14,1.2,1.248,1.296,,,,,,,,,,,,,,,,,,
Guinaifen,Nihility,Fire,Talent,给您来段看家戏,Settling Burn Multiplier,特殊线型18,Attack,72%,74%,76%,78%,80%,82%,84.50%,87%,89.50%,92%,94%,96%,,,,,,,,,,,,,,,,,,
Guinaifen,Nihility,Fire,Talent,古来君子养艺人,Vulnerability,特殊线型19,-,4%,4.30%,4.60%,4.90%,5.20%,5.50%,5.88%,6.25%,6.63%,7%,7.30%,7.60%,,,,,,,,,,,,,,,,,,
Argenti,The Erudition,Physical,Talent,公正，此处盛放,Damage Multiplier,战技天赋标准线型,Attack,60%,0.66,0.72,0.78,0.84,0.9,0.975,1.05,1.125,1.2,1.26,1.32,,,,,,,,,,,,,,,,,,
Argenti,The Erudition,Physical,Talent,驻于花庭，赐与尽美,Damage Multiplier,终结技标准线型,Attack,96%,1.024,1.088,1.152,1.216,1.28,1.36,1.44,1.52,1.6,1.664,1.728,,,,,,,,,,,,,,,,,,
Argenti,The Erudition,Physical,Talent,驻「我」华庭，授予至勋,Group Attack Damage Multiplier,终结技标准线型,Attack,168%,1.792,1.904,2.016,2.128,2.24,2.38,2.52,2.66,2.8,2.912,3.024,,,,,,,,,,,,,,,,,,
Argenti,The Erudition,Physical,Talent,驻「我」华庭，授予至勋,Single Attack Damage Multiplier,终结技标准线型,Attack,57%,0.608,0.646,0.684,0.722,0.76,0.8075,0.855,0.9025,0.95,0.988,1.026,,,,,,,,,,,,,,,,,,
Argenti,The Erudition,Physical,Talent,崇高的客体,Single Layer Critical Rate Bonus,特殊线型9,-,1%,0.0115,0.013,0.0145,0.016,0.0175,0.019375,0.02125,0.023125,0.025,0.0265,0.028,,,,,,,,,,,,,,,,,,
Huohuo,Abundance,Wind,Basic Attack,令旗?征风召雨,Damage Multiplier,普攻线型,Maximum Health,25%,0.3,0.35,0.4,0.45,0.5,0.55,0.6,0.65,,,,,,,,,,,,,,,,,,,,,
Huohuo,Abundance,Wind,Talent,灵符?保命护身,Center Healing Percentage,护盾治疗线型,Maximum Health,14%,0.14875,0.1575,0.16625,0.175,0.182,0.189,0.196,0.203,0.21,0.217,0.224,,,,,,,,,,,,,,,,,,
Huohuo,Abundance,Wind,Talent,灵符?保命护身,Center Healing Fixed Value,固定值线型,-,140,224,287,350,392,434,465.5,497,528.5,560,591.5,623,,,,,,,,,,,,,,,,,,
Huohuo,Abundance,Wind,Talent,灵符?保命护身,Diffusion Healing Percentage,护盾治疗线型,Maximum Health,11.20%,0.119,0.126,0.133,0.14,0.1456,0.1512,0.1568,0.1624,0.168,0.1736,0.1792,,,,,,,,,,,,,,,,,,
Huohuo,Abundance,Wind,Talent,灵符?保命护身,Diffusion Healing Fixed Value,固定值线型,-,112,179.2,229.6,280,313.6,347.2,372.4,397.6,422.8,448,473.2,498.4,,,,,,,,,,,,,,,,,,
Huohuo,Abundance,Wind,Talent,尾巴?遣神役鬼,Energy Recovery Percentage,特殊线型7,Target's Energy Upper Limit,15%,0.155,0.16,0.165,0.17,0.175,0.18125,0.1875,0.19375,0.2,0.205,0.21,,,,,,,,,,,,,,,,,,
Huohuo,Abundance,Wind,Talent,尾巴?遣神役鬼,Attack Power Bonus,终结技标准线型,Target's Base Attack Power,24%,0.256,0.272,0.288,0.304,0.32,0.34,0.36,0.38,0.4,0.416,0.432,,,,,,,,,,,,,,,,,,
Huohuo,Abundance,Wind,Talent,凭附?气通天真,Healing Percentage,护盾治疗线型,Maximum Health,3%,0.031875,0.03375,0.035625,0.0375,0.039,0.0405,0.042,0.0435,0.045,0.0465,0.048,,,,,,,,,,,,,,,,,,
Huohuo,Abundance,Wind,Talent,凭附?气通天真,Healing Percentage,固定值线型,-,30,48,61.5,75,84,93,99.75,106.5,113.25,120,126.75,133.5,,,,,,,,,,,,,,,,,,
Hanya,Harmony,Physical,Talent,生灭系缚,Damage Multiplier,战技天赋标准线型,Attack,120%,1.32,1.44,1.56,1.68,1.8,1.95,2.1,2.25,2.4,2.52,2.64,,,,,,,,,,,,,,,,,,
Hanya,Harmony,Physical,Talent,十王敕令，遍土遵行,Speed Bonus,特殊线型7,Speed,15%,0.155,0.16,0.165,0.17,0.175,0.18125,0.1875,0.19375,0.2,0.205,0.21,,,,,,,,,,,,,,,,,,
Hanya,Harmony,Physical,Talent,十王敕令，遍土遵行,Attack Power Bonus,终结技标准线型,Target's Base Attack Power,36%,0.384,0.408,0.432,0.456,0.48,0.51,0.54,0.57,0.6,0.624,0.648,,,,,,,,,,,,,,,,,,
Hanya,Harmony,Physical,Talent,罚恶,Specific Situation Damage Increase,战技天赋标准线型,-,15%,0.165,0.18,0.195,0.21,0.225,0.24375,0.2625,0.28125,0.3,0.315,0.33,,,,,,,,,,,,,,,,,,
